-- MySQL dump 10.13  Distrib 5.1.66, for pc-linux-gnu (x86_64)
--
-- Host: localhost    Database: bugzilla
-- ------------------------------------------------------
-- Server version	5.1.66-log

/*!40101 SET @OLD_CHARACTER_SET_CLIENT=@@CHARACTER_SET_CLIENT */;
/*!40101 SET @OLD_CHARACTER_SET_RESULTS=@@CHARACTER_SET_RESULTS */;
/*!40101 SET @OLD_COLLATION_CONNECTION=@@COLLATION_CONNECTION */;
/*!40101 SET NAMES utf8 */;
/*!40103 SET @OLD_TIME_ZONE=@@TIME_ZONE */;
/*!40103 SET TIME_ZONE='+00:00' */;
/*!40014 SET @OLD_UNIQUE_CHECKS=@@UNIQUE_CHECKS, UNIQUE_CHECKS=0 */;
/*!40014 SET @OLD_FOREIGN_KEY_CHECKS=@@FOREIGN_KEY_CHECKS, FOREIGN_KEY_CHECKS=0 */;
/*!40101 SET @OLD_SQL_MODE=@@SQL_MODE, SQL_MODE='NO_AUTO_VALUE_ON_ZERO' */;
/*!40111 SET @OLD_SQL_NOTES=@@SQL_NOTES, SQL_NOTES=0 */;

--
-- Table structure for table `bug`
--

DROP TABLE IF EXISTS `bug`;
/*!40101 SET @saved_cs_client     = @@character_set_client */;
/*!40101 SET character_set_client = utf8 */;
CREATE TABLE `bug` (
  `id_bug` int(7) NOT NULL AUTO_INCREMENT,
  `id_os` int(5) NOT NULL,
  `id_hp` int(5) NOT NULL,
  `id_prodotto` int(5) NOT NULL,
  `riassunto` varchar(500) NOT NULL,
  `descrizione` varchar(500) DEFAULT NULL,
  `id_riproducibilita` int(5) NOT NULL,
  `info_aggiuntive` varchar(500) DEFAULT NULL,
  `id_gravita` int(5) NOT NULL,
  `id_utente` int(11) NOT NULL,
  PRIMARY KEY (`id_bug`),
  KEY `id_os` (`id_os`),
  KEY `id_hp` (`id_hp`),
  KEY `id_utente` (`id_utente`),
  KEY `id_prodotto` (`id_prodotto`),
  KEY `id_gravita` (`id_gravita`),
  KEY `id_riproducibilita` (`id_riproducibilita`)
) ENGINE=MyISAM AUTO_INCREMENT=16 DEFAULT CHARSET=utf8;
/*!40101 SET character_set_client = @saved_cs_client */;

--
-- Dumping data for table `bug`
--

LOCK TABLES `bug` WRITE;
/*!40000 ALTER TABLE `bug` DISABLE KEYS */;
INSERT INTO `bug` VALUES (1,3,5,3,'Ho riscontrato problemi...','',1,'',3,9),(2,4,3,1,'Qui non funziona niente','',2,'',2,9),(3,5,2,1,'Non ho voglia di scrivere...','',5,'',1,3),(4,6,12,1,'grande bugizllaaaa..','',3,'',5,3),(5,7,2,3,'asdsaddasdsadsasa...','',1,'',5,8),(6,8,12,2,'il team di sviluppo deve lavorare meglio...','',5,'',5,8),(7,3,2,2,'ma gli ingegneri sapevano quel che facevano quando...','',5,'',5,9),(8,9,11,2,'Ho riscontrato problemi...','',1,'',4,2),(9,3,2,5,'Ho riscontrato problemi...','',1,'',3,1),(10,12,6,5,'Ho riscontrato problemi...','',2,'',3,1),(11,13,7,3,'Ho riscontrato problemi...','',4,'',3,9),(12,3,8,4,'Ho riscontrato problemi...','',4,'',2,9),(13,3,9,4,'Ho riscontrato problemi...','',1,'',1,11),(14,15,2,1,'Ho riscontrato problemi...','',3,'',1,10),(15,15,3,1,'Ho riscontrato problemi...','',4,'',2,8);
/*!40000 ALTER TABLE `bug` ENABLE KEYS */;
UNLOCK TABLES;

--
-- Table structure for table `gravita`
--

DROP TABLE IF EXISTS `gravita`;
/*!40101 SET @saved_cs_client     = @@character_set_client */;
/*!40101 SET character_set_client = utf8 */;
CREATE TABLE `gravita` (
  `id_gravita` int(5) NOT NULL AUTO_INCREMENT,
  `nome` varchar(30) NOT NULL,
  `descrizione` varchar(250) NOT NULL,
  PRIMARY KEY (`id_gravita`)
) ENGINE=MyISAM AUTO_INCREMENT=6 DEFAULT CHARSET=utf8;
/*!40101 SET character_set_client = @saved_cs_client */;

--
-- Dumping data for table `gravita`
--

LOCK TABLES `gravita` WRITE;
/*!40000 ALTER TABLE `gravita` DISABLE KEYS */;
INSERT INTO `gravita` VALUES (1,'Bloccato','Blocca lo sviluppo e la possibilita\' di lavorare.'),(2,'Critico','Il software va in crash, oppure perde i dati.'),(3,'Maggiore','Le caratteristiche principali non funzionano.'),(4,'Normale','E\' bug, dovrebbe essere risolto.'),(5,'Minore','Minore perdita delle funzionalita\' c\'e\' una soluzione facile.');
/*!40000 ALTER TABLE `gravita` ENABLE KEYS */;
UNLOCK TABLES;

--
-- Table structure for table `piattaforma_hardware`
--

DROP TABLE IF EXISTS `piattaforma_hardware`;
/*!40101 SET @saved_cs_client     = @@character_set_client */;
/*!40101 SET character_set_client = utf8 */;
CREATE TABLE `piattaforma_hardware` (
  `id_hp` int(5) NOT NULL AUTO_INCREMENT,
  `nome` varchar(30) NOT NULL,
  `descrizione` varchar(250) NOT NULL,
  PRIMARY KEY (`id_hp`)
) ENGINE=MyISAM AUTO_INCREMENT=16 DEFAULT CHARSET=utf8;
/*!40101 SET character_set_client = @saved_cs_client */;

--
-- Dumping data for table `piattaforma_hardware`
--

LOCK TABLES `piattaforma_hardware` WRITE;
/*!40000 ALTER TABLE `piattaforma_hardware` DISABLE KEYS */;
INSERT INTO `piattaforma_hardware` VALUES (1,'Altro','Piattaforma non presente tra le seguenti'),(2,'AMD86','x86-64, estensione a 64 bit del set x86'),(3,'x86','Architettura inizialmente sviluppata da Intel'),(4,'Alpha','Architettura RISC sviluppata da Digital Equipment Corp'),(5,'Sparc','Architettura per microprocessori big-endian RISC disegnata da Sun Microsystems'),(6,'IA64','Architettura a 64 bit sviluppata tra Intel e HP'),(7,'PPC','Architettura RISC creata nel 1991 da Apple-IBM-Motorola'),(8,'MIPS','Architettura per microprocessori RISC sviluppata da MIPS Computer Systems Inc'),(9,'PPC64','Architettura PPC ottimizzata per applicazioni a 64 bit'),(10,'HPPA','Hewlett-Packard Precision Architecture, architettura RISC'),(11,'s390','Architettura per mainframe introdotta da IBM nel 1990'),(12,'sh','Architettura a 32 bit RISC sviluppata da Hitachi'),(13,'Sparc64','Microprocessore sviluppato da HAL Computer Systems a fabbricato da Fujitsu'),(14,'ARM','Famiglia di microprocessori a 32 bit sviluppata da ARM'),(15,'m68k','Famiglia di microprocessori 32 bit CISC sviluppata da Motorola');
/*!40000 ALTER TABLE `piattaforma_hardware` ENABLE KEYS */;
UNLOCK TABLES;

--
-- Table structure for table `prodotto`
--

DROP TABLE IF EXISTS `prodotto`;
/*!40101 SET @saved_cs_client     = @@character_set_client */;
/*!40101 SET character_set_client = utf8 */;
CREATE TABLE `prodotto` (
  `id_prodotto` int(5) NOT NULL AUTO_INCREMENT,
  `nome` varchar(30) NOT NULL,
  `descrizione` varchar(250) NOT NULL,
  PRIMARY KEY (`id_prodotto`)
) ENGINE=MyISAM AUTO_INCREMENT=11 DEFAULT CHARSET=utf8;
/*!40101 SET character_set_client = @saved_cs_client */;

--
-- Dumping data for table `prodotto`
--

LOCK TABLES `prodotto` WRITE;
/*!40000 ALTER TABLE `prodotto` DISABLE KEYS */;
INSERT INTO `prodotto` VALUES (1,'Linux','Problemi riguardanti linux.'),(2,'Altra Documentazione','Documentazione che non riguarda bugzilla.com.'),(3,'Traduzione Documentazione','Tutta la documentazione non in italiano.'),(4,'Documentazione','Guide ed Handbook'),(5,'Progetti Ospitati','Tutti i progetti hostati su bugzilla.com.'),(6,'Infrastruttura Linux','Per i bugs o features relative a bugzilla.com.'),(7,'Linux Release','Distribuzioni Linux'),(8,'Installazione da CD','Se avete qualche problema con l\'installazione da CD.'),(9,'Sicurezza di Linux','Problemi riguardanti la sicurezza del sistema.'),(10,'Gestore di Pacchetti','Problemi relativi all\'installazione di nuovi pacchetti.');
/*!40000 ALTER TABLE `prodotto` ENABLE KEYS */;
UNLOCK TABLES;

--
-- Table structure for table `riproducibilita`
--

DROP TABLE IF EXISTS `riproducibilita`;
/*!40101 SET @saved_cs_client     = @@character_set_client */;
/*!40101 SET character_set_client = utf8 */;
CREATE TABLE `riproducibilita` (
  `id_riproducibilita` int(5) NOT NULL AUTO_INCREMENT,
  `descrizione` varchar(250) NOT NULL,
  PRIMARY KEY (`id_riproducibilita`)
) ENGINE=MyISAM AUTO_INCREMENT=5 DEFAULT CHARSET=utf8;
/*!40101 SET character_set_client = @saved_cs_client */;

--
-- Dumping data for table `riproducibilita`
--

LOCK TABLES `riproducibilita` WRITE;
/*!40000 ALTER TABLE `riproducibilita` DISABLE KEYS */;
INSERT INTO `riproducibilita` VALUES (1,'Accade Sempre.'),(2,'Accade qualche volta, ma non sempre.'),(3,'Non ho provato a riprodurre l\'errore.'),(4,'Ho provato, ma non riesco ha riprodurre l\'errore.');
/*!40000 ALTER TABLE `riproducibilita` ENABLE KEYS */;
UNLOCK TABLES;

--
-- Table structure for table `sistema_operativo`
--

DROP TABLE IF EXISTS `sistema_operativo`;
/*!40101 SET @saved_cs_client     = @@character_set_client */;
/*!40101 SET character_set_client = utf8 */;
CREATE TABLE `sistema_operativo` (
  `id_os` int(5) NOT NULL AUTO_INCREMENT,
  `nome` varchar(30) NOT NULL,
  `descrizione` varchar(250) NOT NULL,
  `versione` varchar(30) DEFAULT NULL,
  `licenza` varchar(20) DEFAULT NULL,
  PRIMARY KEY (`id_os`)
) ENGINE=MyISAM AUTO_INCREMENT=16 DEFAULT CHARSET=utf8;
/*!40101 SET character_set_client = @saved_cs_client */;

--
-- Dumping data for table `sistema_operativo`
--

LOCK TABLES `sistema_operativo` WRITE;
/*!40000 ALTER TABLE `sistema_operativo` DISABLE KEYS */;
INSERT INTO `sistema_operativo` VALUES (1,'Altro','Sistema operativo non presente tra i seguenti','',''),(2,'Tutti','Il bug include tutti i sistemi operativi','',''),(3,'Linux','Famiglia di sistemi operativi di tipo Unix-Like','','GNU GPL'),(4,'FreeBSD','Sistema di tipo UNIX derivato dalla distribuzione dell universita di Berkeley','','FreeBSD'),(5,'OS X','Sistema operativo sviluppato da Apple Inc','','Proprietario'),(6,'GNU/kFreeBSD','Sistema operativo per architetture IA-32 e x86-64','','FreeBSD'),(7,'NetBSD','Sistema operativo Unix-Like derivato da BSD altamente portabile','','BSD'),(8,'OpenBSD','Sistema operativo libero basato sulla variante BSD di UNIX','','BSD'),(9,'DragonFly','Sistema libero Unix-Like creato da un fork di FreeBSD 4.8','','BSD'),(10,'Solaris','Sistema operativo sviluppato da Sun Microsystems','','Varie'),(11,'AIX','Serie di sistemi operativi UNIX proprietari sviluppati da IBM','','Proprietario'),(12,'HPUX','Hewlett-Packard UNIX','','Proprietario'),(13,'IRIX','Sistema operativo sviluppato da Silicon Graphic Inc','','Proprietario'),(14,'Interix','Sottosistema POSIX per Windows NT','','Proprietario'),(15,'FreeMiNT','Sistema alternativo per Atari ST','','GNU GPL');
/*!40000 ALTER TABLE `sistema_operativo` ENABLE KEYS */;
UNLOCK TABLES;

--
-- Table structure for table `utenti`
--

DROP TABLE IF EXISTS `utenti`;
/*!40101 SET @saved_cs_client     = @@character_set_client */;
/*!40101 SET character_set_client = utf8 */;
CREATE TABLE `utenti` (
  `id_utente` int(11) NOT NULL AUTO_INCREMENT,
  `username` varchar(15) NOT NULL,
  `password` varchar(15) NOT NULL,
  `nome` varchar(15) NOT NULL,
  `cognome` varchar(15) NOT NULL,
  `soprannome` varchar(25) DEFAULT NULL,
  `via` varchar(20) DEFAULT NULL,
  `citta` varchar(20) DEFAULT NULL,
  `stato` varchar(20) DEFAULT NULL,
  `cap` int(5) DEFAULT NULL,
  `telefono` int(10) DEFAULT NULL,
  `fax` int(10) DEFAULT NULL,
  `cell` int(10) DEFAULT NULL,
  `email` varchar(35) DEFAULT NULL,
  `website` varchar(40) DEFAULT NULL,
  `commenti` varchar(500) DEFAULT NULL,
  PRIMARY KEY (`id_utente`)
) ENGINE=MyISAM AUTO_INCREMENT=26 DEFAULT CHARSET=utf8;
/*!40101 SET character_set_client = @saved_cs_client */;

--
-- Dumping data for table `utenti`
--

LOCK TABLES `utenti` WRITE;
/*!40000 ALTER TABLE `utenti` DISABLE KEYS */;
INSERT INTO `utenti` VALUES (1,'salvo','admin','Salvatore','Alescio','','Emilia 5','Bologna','ITA',40023,0,0,0,'salvatore.alescio@student.unife.it','',''),(2,'chiara','admin','Chiara','Silvestro','','Bagigi 12/a','Ferrara','ITA',44100,0,0,0,'chiara.silvestro@student.unife.it','',''),(3,'enrico','admin','Enrico','Galavotti','','zipo 11','Cento','ITA',44100,0,0,0,'enrico.galavotti@student.unife.it','',''),(4,'francesco','admin','Francesco','Barbieri','','Gimmy 45','Ferrara','ITA',44100,0,0,0,'francesco.barbieri@student.unife.it','',''),(5,'mattia','admin','Mattia','De Stefani','','Paride 87/c','Ferrara','ITA',44100,0,0,0,'mattia.destefani@student.unife.it','',''),(6,'giulia','admin','Giulia','Beltrami','','Picadilly Circus 123','London','ENG',99231,0,0,0,'giulia.beltrami@student.unife.it','',''),(7,'mirco','admin','Mirco','Civolani','','Provieri 222','Ferrara','ITA',44100,0,0,0,'mirco.civolani@student.unife.it','',''),(8,'antonia','admin','Antonia','Paglione','','Mazzanti 23','Ferrara','ITA',44100,0,0,0,'antonia.paglione@student.unife.it','',''),(9,'daniele','admin','Daniele','Berto','','Trombetti 44','Ferrara','ITA',44100,0,0,0,'daniele.berto@student.unife.it','',''),(10,'andrea','admin','Andrea','Vettore','','Umbero Poggi 766','Ferrrara','ITA',44100,0,0,0,'andrea.vettore@student.unife.it','',''),(11,'dario','admin','Dario','Vacchi','','Uscolo 121','Bologna','ITA',40023,0,0,0,'dario.vacchi@student.unife.it','',''),(12,'nicola','admin','Nicola','Bettini','','Dimitri 233/d','Firenze','ITA',50100,0,0,0,'nicola.bettini@student.unife.it','',''),(13,'federico','admin','Federico','Fantini','','Ercole 4','Firenze','ITA',50100,0,0,0,'federico.fantini@student.unife.it','',''),(14,'pierluca','admin','Pierluca','Tonido','','Rodolfo 99','Verona','ITA',37100,0,0,0,'pierluca.tonido@student.unife.it','',''),(15,'filippo','admin','Filippo','Campi','','Mortara 1212','Rimini','ITA',47923,0,0,0,'filippo.campi@student.unife.it','',''),(16,'alice','admin','Alice','Valentini','','Tulio 98','Palermo','ITA',90121,0,0,0,'alice.valentini@student.unife.it','',''),(17,'michele','admin','Michele','Mantovani','','Ludovico 576','Roma','ITA',10010,0,0,0,'michele.mantovani@student.unife.it','',''),(18,'paolo','admin','Paolo','Dolzani','','Vicentini 453','Torino','ITA',10010,0,0,0,'paolo.dolzani@student.unife.it','',''),(19,'mari','admin','Filippo','Mari','','Asiago 283','Alfonsine','ITA',48011,0,0,0,'filippo.mari@student.unife.it','',''),(20,'ferrari','admin','Laura','Ferrari','','Umberto 827','Bologna','ITA',40023,0,0,0,'laura.ferrari@student.unife.it','',''),(21,'davide','admin','Davide','Penitenti','','Adolfo 222','Bologna','ITA',40023,0,0,0,'davide.penitenti@student.unife.it','',''),(22,'massimo','admin','Massimo','Rizzo','','Giardi 221','Palermo','ITA',90121,0,0,0,'massimo.rizzo@student.unife.it','',''),(23,'mauro','admin','Mauro','Crociara','','Toretto 224','Palermo','ITA',90121,0,0,0,'mauro.crociara@student.unife.it','',''),(24,'marcello','admin','Marcello','Marzola','','Asgard 987','Cagliari','ITA',99010,0,0,0,'marcello.marzola@student.unife.it','',''),(25,'michael','admin','Micheal','Cannella','','Avengers 656','Cagliari','ITA',99010,0,0,0,'michael.cannella@student.unife.it','','');
/*!40000 ALTER TABLE `utenti` ENABLE KEYS */;
UNLOCK TABLES;
/*!40103 SET TIME_ZONE=@OLD_TIME_ZONE */;

/*!40101 SET SQL_MODE=@OLD_SQL_MODE */;
/*!40014 SET FOREIGN_KEY_CHECKS=@OLD_FOREIGN_KEY_CHECKS */;
/*!40014 SET UNIQUE_CHECKS=@OLD_UNIQUE_CHECKS */;
/*!40101 SET CHARACTER_SET_CLIENT=@OLD_CHARACTER_SET_CLIENT */;
/*!40101 SET CHARACTER_SET_RESULTS=@OLD_CHARACTER_SET_RESULTS */;
/*!40101 SET COLLATION_CONNECTION=@OLD_COLLATION_CONNECTION */;
/*!40111 SET SQL_NOTES=@OLD_SQL_NOTES */;

-- Dump completed on 2013-01-15 11:21:58
